"id","updatedDate","createdDate","title","url","total","totalPage"
375,2021-05-13 21:01:13,2021-05-13 21:01:13,Data,https://hackernoon.com/tagged/data,574,47
381,2021-05-13 21:01:13,2021-05-13 21:01:13,Venture Capital,https://hackernoon.com/tagged/venture-capital,1032,86
389,2021-05-13 21:01:15,2021-05-13 21:01:15,Robotics,https://hackernoon.com/tagged/robotics,165,13
396,2021-05-13 21:01:15,2021-05-13 21:01:15,Javascript,https://hackernoon.com/tagged/javascript,3776,314
407,2021-05-13 21:01:15,2021-05-13 21:01:15,Automation,https://hackernoon.com/tagged/automation,391,32
417,2021-05-13 21:01:16,2021-05-13 21:01:16,Programming,https://hackernoon.com/tagged/programming,4420,368
426,2021-05-13 21:01:16,2021-05-13 21:01:16,Libra,https://hackernoon.com/tagged/libra,51,4
439,2021-05-13 21:01:16,2021-05-13 21:01:16,Self-Driving Cars,https://hackernoon.com/tagged/self-driving-cars,195,16
448,2021-05-13 21:01:16,2021-05-13 21:01:16,Libra,https://hackernoon.com/tagged/libra,51,4
456,2021-05-13 21:01:16,2021-05-13 21:01:16,Entrepreneurship,https://hackernoon.com/tagged/entrepreneurship,2274,189
466,2021-05-13 21:01:16,2021-05-13 21:01:16,NodeJS,https://hackernoon.com/tagged/nodejs,1031,85
476,2021-05-13 21:01:16,2021-05-13 21:01:16,Ripple,https://hackernoon.com/tagged/ripple,59,4
482,2021-05-13 21:01:16,2021-05-13 21:01:16,Data Science,https://hackernoon.com/tagged/data-science,1137,94
376,2021-05-13 21:01:14,2021-05-13 21:01:14,Future,https://hackernoon.com/tagged/future,533,44
386,2021-05-13 21:01:15,2021-05-13 21:01:15,Economics,https://hackernoon.com/tagged/economics,419,34
400,2021-05-13 21:01:15,2021-05-13 21:01:15,Funding,https://hackernoon.com/tagged/funding,101,8
410,2021-05-13 21:01:15,2021-05-13 21:01:15,PHP,https://hackernoon.com/tagged/php,227,18
420,2021-05-13 21:01:16,2021-05-13 21:01:16,Bitcoin,https://hackernoon.com/tagged/bitcoin,4239,353
429,2021-05-13 21:01:16,2021-05-13 21:01:16,Venture Capital,https://hackernoon.com/tagged/venture-capital,1032,86
437,2021-05-13 21:01:16,2021-05-13 21:01:16,Listen,https://hackernoon.com/tagged/hackernoon-podcast,106,8
447,2021-05-13 21:01:16,2021-05-13 21:01:16,Engineering,https://hackernoon.com/tagged/engineering,255,21
459,2021-05-13 21:01:16,2021-05-13 21:01:16,PHP,https://hackernoon.com/tagged/php,227,18
468,2021-05-13 21:01:16,2021-05-13 21:01:16,Listen,https://hackernoon.com/tagged/hackernoon-podcast,106,8
477,2021-05-13 21:01:16,2021-05-13 21:01:16,Agile,https://hackernoon.com/tagged/agile,754,62
485,2021-05-13 21:01:16,2021-05-13 21:01:16,Tether,https://hackernoon.com/tagged/tether,35,2
492,2021-05-13 21:01:16,2021-05-13 21:01:16,Deep Fakes,https://hackernoon.com/tagged/deep-fakes,22,1
377,2021-05-13 21:01:14,2021-05-13 21:01:14,Tech,https://hackernoon.com/tagged/tech,2246,187
390,2021-05-13 21:01:15,2021-05-13 21:01:15,Software,https://hackernoon.com/tagged/software-development,3894,324
397,2021-05-13 21:01:15,2021-05-13 21:01:15,Vim,https://hackernoon.com/tagged/vim,42,3
406,2021-05-13 21:01:15,2021-05-13 21:01:15,React,https://hackernoon.com/tagged/react,1387,115
416,2021-05-13 21:01:16,2021-05-13 21:01:16,MVP,https://hackernoon.com/tagged/mvp,155,12
425,2021-05-13 21:01:16,2021-05-13 21:01:16,DWeb,https://hackernoon.com/tagged/decentralized-web,42,3
438,2021-05-13 21:01:16,2021-05-13 21:01:16,Startups,https://hackernoon.com/tagged/startups,940,78
450,2021-05-13 21:01:16,2021-05-13 21:01:16,Cryptocurrency,https://hackernoon.com/tagged/cryptocurrency,5457,454
462,2021-05-13 21:01:16,2021-05-13 21:01:16,React,https://hackernoon.com/tagged/react,1387,115
472,2021-05-13 21:01:16,2021-05-13 21:01:16,Python,https://hackernoon.com/tagged/python,1080,90
487,2021-05-13 21:01:16,2021-05-13 21:01:16,Management,https://hackernoon.com/tagged/management,596,49
378,2021-05-13 21:01:14,2021-05-13 21:01:14,Virtual Reality,https://hackernoon.com/tagged/virtual-reality,331,27
387,2021-05-13 21:01:15,2021-05-13 21:01:15,Ethereum,https://hackernoon.com/tagged/ethereum,2138,178
401,2021-05-13 21:01:15,2021-05-13 21:01:15,Ruby,https://hackernoon.com/tagged/ruby,253,21
411,2021-05-13 21:01:15,2021-05-13 21:01:15,Business,https://hackernoon.com/tagged/business,1653,137
418,2021-05-13 21:01:16,2021-05-13 21:01:16,Stories,https://hackernoon.com/tagged/noonies,215,17
428,2021-05-13 21:01:16,2021-05-13 21:01:16,Interviews,https://hackernoon.com/tagged/noonies,215,17
436,2021-05-13 21:01:16,2021-05-13 21:01:16,MVP,https://hackernoon.com/tagged/mvp,155,12
443,2021-05-13 21:01:16,2021-05-13 21:01:16,Software,https://hackernoon.com/tagged/software-development,3894,324
451,2021-05-13 21:01:16,2021-05-13 21:01:16,Decentralization,https://hackernoon.com/tagged/decentralization,673,56
461,2021-05-13 21:01:16,2021-05-13 21:01:16,Altcoins,https://hackernoon.com/tagged/altcoins,155,12
471,2021-05-13 21:01:16,2021-05-13 21:01:16,Tether,https://hackernoon.com/tagged/tether,35,2
480,2021-05-13 21:01:16,2021-05-13 21:01:16,Marketing,https://hackernoon.com/tagged/marketing,1490,124
490,2021-05-13 21:01:16,2021-05-13 21:01:16,DWeb,https://hackernoon.com/tagged/decentralized-web,42,3
379,2021-05-13 21:01:13,2021-05-13 21:01:13,Iot,https://hackernoon.com/tagged/iot,516,43
391,2021-05-13 21:01:15,2021-05-13 21:01:15,Java,https://hackernoon.com/tagged/java,449,37
398,2021-05-13 21:01:15,2021-05-13 21:01:15,Management,https://hackernoon.com/tagged/management,596,49
409,2021-05-13 21:01:15,2021-05-13 21:01:15,Cryptocurrency,https://hackernoon.com/tagged/cryptocurrency,5457,454
419,2021-05-13 21:01:16,2021-05-13 21:01:16,Finance,https://hackernoon.com/tagged/finance,691,57
433,2021-05-13 21:01:16,2021-05-13 21:01:16,Altcoins,https://hackernoon.com/tagged/altcoins,155,12
444,2021-05-13 21:01:16,2021-05-13 21:01:16,Startups,https://hackernoon.com/tagged/startups,940,78
453,2021-05-13 21:01:16,2021-05-13 21:01:16,Blockchain,https://hackernoon.com/tagged/blockchain,6849,570
464,2021-05-13 21:01:16,2021-05-13 21:01:16,Founders,https://hackernoon.com/tagged/founders,451,37
478,2021-05-13 21:01:16,2021-05-13 21:01:16,Finance,https://hackernoon.com/tagged/finance,691,57
489,2021-05-13 21:01:16,2021-05-13 21:01:16,Deep Fakes,https://hackernoon.com/tagged/deep-fakes,22,1
380,2021-05-13 21:01:14,2021-05-13 21:01:14,Decentralization,https://hackernoon.com/tagged/decentralization,673,56
388,2021-05-13 21:01:15,2021-05-13 21:01:15,Data Science,https://hackernoon.com/tagged/data-science,1137,94
399,2021-05-13 21:01:15,2021-05-13 21:01:15,Bitcoin Spotlight,https://hackernoon.com/tagged/bitcoin-spotlight,180,15
408,2021-05-13 21:01:15,2021-05-13 21:01:15,Blockchain,https://hackernoon.com/tagged/blockchain,6849,570
424,2021-05-13 21:01:16,2021-05-13 21:01:16,Swift,https://hackernoon.com/tagged/swift,171,14
434,2021-05-13 21:01:16,2021-05-13 21:01:16,Robotics,https://hackernoon.com/tagged/robotics,165,13
441,2021-05-13 21:01:16,2021-05-13 21:01:16,Learning to Code,https://hackernoon.com/tagged/learning-to-code,358,29
455,2021-05-13 21:01:16,2021-05-13 21:01:16,Architecture,https://hackernoon.com/tagged/software-architecture,273,22
465,2021-05-13 21:01:16,2021-05-13 21:01:16,Space,https://hackernoon.com/tagged/space,63,5
475,2021-05-13 21:01:16,2021-05-13 21:01:16,Future,https://hackernoon.com/tagged/future,533,44
483,2021-05-13 21:01:16,2021-05-13 21:01:16,EOS,https://hackernoon.com/tagged/eos,106,8
382,2021-05-13 21:01:14,2021-05-13 21:01:14,Founders,https://hackernoon.com/tagged/founders,451,37
392,2021-05-13 21:01:15,2021-05-13 21:01:15,Coding,https://hackernoon.com/tagged/coding,1574,131
404,2021-05-13 21:01:15,2021-05-13 21:01:15,Engineering,https://hackernoon.com/tagged/engineering,255,21
415,2021-05-13 21:01:15,2021-05-13 21:01:15,Data,https://hackernoon.com/tagged/data,574,47
422,2021-05-13 21:01:16,2021-05-13 21:01:16,Marketing,https://hackernoon.com/tagged/marketing,1490,124
431,2021-05-13 21:01:16,2021-05-13 21:01:16,Java,https://hackernoon.com/tagged/java,449,37
440,2021-05-13 21:01:16,2021-05-13 21:01:16,Programming,https://hackernoon.com/tagged/programming,4420,368
449,2021-05-13 21:01:16,2021-05-13 21:01:16,Cardano,https://hackernoon.com/tagged/cardano,23,1
458,2021-05-13 21:01:16,2021-05-13 21:01:16,Automation,https://hackernoon.com/tagged/automation,391,32
467,2021-05-13 21:01:16,2021-05-13 21:01:16,Bitcoin Spotlight,https://hackernoon.com/tagged/bitcoin-spotlight,180,15
474,2021-05-13 21:01:16,2021-05-13 21:01:16,Bitcoin,https://hackernoon.com/tagged/bitcoin,4239,353
486,2021-05-13 21:01:16,2021-05-13 21:01:16,Ethereum,https://hackernoon.com/tagged/ethereum,2138,178
493,2021-05-13 21:01:16,2021-05-13 21:01:16,APIs,https://hackernoon.com/tagged/api,606,50
494,2021-05-13 21:01:16,2021-05-13 21:01:16,DApps,https://hackernoon.com/tagged/dapps,155,12
495,2021-05-13 21:01:17,2021-05-13 21:01:17,DApps,https://hackernoon.com/tagged/dapps,155,12
496,2021-05-13 21:01:17,2021-05-13 21:01:17,Top Stories,https://hackernoon.com/tagged/hackernoon-top-story,4400,366
383,2021-05-13 21:01:14,2021-05-13 21:01:14,Self-Driving Cars,https://hackernoon.com/tagged/self-driving-cars,195,16
393,2021-05-13 21:01:15,2021-05-13 21:01:15,Architecture,https://hackernoon.com/tagged/software-architecture,273,22
405,2021-05-13 21:01:15,2021-05-13 21:01:15,Open Source,https://hackernoon.com/tagged/open-source,797,66
414,2021-05-13 21:01:15,2021-05-13 21:01:15,C,https://hackernoon.com/tagged/c,44,3
427,2021-05-13 21:01:16,2021-05-13 21:01:16,C,https://hackernoon.com/tagged/c,44,3
435,2021-05-13 21:01:16,2021-05-13 21:01:16,Coding,https://hackernoon.com/tagged/coding,1574,131
445,2021-05-13 21:01:16,2021-05-13 21:01:16,EOS,https://hackernoon.com/tagged/eos,106,8
452,2021-05-13 21:01:16,2021-05-13 21:01:16,Open Source,https://hackernoon.com/tagged/open-source,797,66
460,2021-05-13 21:01:16,2021-05-13 21:01:16,Javascript,https://hackernoon.com/tagged/javascript,3776,314
470,2021-05-13 21:01:16,2021-05-13 21:01:16,Business,https://hackernoon.com/tagged/business,1653,137
484,2021-05-13 21:01:16,2021-05-13 21:01:16,Stories,https://hackernoon.com/tagged/noonies,215,17
384,2021-05-13 21:01:14,2021-05-13 21:01:14,Entrepreneurship,https://hackernoon.com/tagged/entrepreneurship,2274,189
394,2021-05-13 21:01:15,2021-05-13 21:01:15,NodeJS,https://hackernoon.com/tagged/nodejs,1031,85
402,2021-05-13 21:01:15,2021-05-13 21:01:15,Space,https://hackernoon.com/tagged/space,63,5
413,2021-05-13 21:01:15,2021-05-13 21:01:15,AI,https://hackernoon.com/tagged/ai,1201,100
421,2021-05-13 21:01:16,2021-05-13 21:01:16,Funding,https://hackernoon.com/tagged/funding,101,8
432,2021-05-13 21:01:16,2021-05-13 21:01:16,Top Stories,https://hackernoon.com/tagged/hackernoon-top-story,4400,366
442,2021-05-13 21:01:16,2021-05-13 21:01:16,SQL,https://hackernoon.com/tagged/sql,145,12
457,2021-05-13 21:01:16,2021-05-13 21:01:16,Vim,https://hackernoon.com/tagged/vim,42,3
469,2021-05-13 21:01:16,2021-05-13 21:01:16,Iot,https://hackernoon.com/tagged/iot,516,43
479,2021-05-13 21:01:16,2021-05-13 21:01:16,Tech,https://hackernoon.com/tagged/tech,2246,187
488,2021-05-13 21:01:16,2021-05-13 21:01:16,Learning to Code,https://hackernoon.com/tagged/learning-to-code,358,29
385,2021-05-13 21:01:14,2021-05-13 21:01:14,Agile,https://hackernoon.com/tagged/agile,754,62
395,2021-05-13 21:01:15,2021-05-13 21:01:15,SQL,https://hackernoon.com/tagged/sql,145,12
403,2021-05-13 21:01:15,2021-05-13 21:01:15,APIs,https://hackernoon.com/tagged/api,606,50
412,2021-05-13 21:01:15,2021-05-13 21:01:15,Economics,https://hackernoon.com/tagged/economics,419,34
423,2021-05-13 21:01:16,2021-05-13 21:01:16,AI,https://hackernoon.com/tagged/ai,1201,100
430,2021-05-13 21:01:16,2021-05-13 21:01:16,Cardano,https://hackernoon.com/tagged/cardano,23,1
446,2021-05-13 21:01:16,2021-05-13 21:01:16,Ruby,https://hackernoon.com/tagged/ruby,253,21
454,2021-05-13 21:01:16,2021-05-13 21:01:16,Swift,https://hackernoon.com/tagged/swift,171,14
463,2021-05-13 21:01:16,2021-05-13 21:01:16,Python,https://hackernoon.com/tagged/python,1080,90
473,2021-05-13 21:01:16,2021-05-13 21:01:16,Virtual Reality,https://hackernoon.com/tagged/virtual-reality,331,27
481,2021-05-13 21:01:16,2021-05-13 21:01:16,Ripple,https://hackernoon.com/tagged/ripple,59,4
491,2021-05-13 21:01:16,2021-05-13 21:01:16,Interviews,https://hackernoon.com/tagged/noonies,215,17
